"metric","FT-llm"
"ANOnto","0.673469387755102"
"AROnto","0.04081632653061224"
"CBOOnto","0.9795918367346939"
"CBOnto2","0.9795918367346939"
"CROnto","0.0"
"DITOnto","2.0"
"INROnto","0.9795918367346939"
"LCOMOnto","1.0"
"NACOnto","1.0"
"NOCOnto","48.0"
"NOMOnto","0.12244897959183673"
"POnto","0.0"
"PROnto","0.1111111111111111"
"RFCOnto","1.1020408163265305"
"RROnto","0.8888888888888888"
"TMOnto","0.0"
"TMOnto2","0.0"
"WMCOnto","1.0"
"WMCOnto2","1.0"
