"metric","base-llm"
"ANOnto","0.0"
"AROnto","1.2857142857142858"
"CBOOnto","0.8571428571428571"
"CBOnto2","0.8571428571428571"
"CROnto","0.42857142857142855"
"DITOnto","2.0"
"INROnto","0.8571428571428571"
"LCOMOnto","1.0"
"NACOnto","1.0"
"NOCOnto","6.0"
"NOMOnto","3.857142857142857"
"POnto","0.0"
"PROnto","0.8181818181818182"
"RFCOnto","4.714285714285714"
"RROnto","0.18181818181818182"
"TMOnto","0.0"
"TMOnto2","0.0"
"WMCOnto","1.0"
"WMCOnto2","1.0"
