"metric","base-llm"
"ANOnto","0.0"
"AROnto","1.0909090909090908"
"CBOOnto","1.1363636363636365"
"CBOnto2","1.1363636363636365"
"CROnto","0.0"
"DITOnto","4.0"
"INROnto","1.1363636363636365"
"LCOMOnto","3.0"
"NACOnto","1.25"
"NOCOnto","2.5"
"NOMOnto","1.6363636363636365"
"POnto","0.5"
"PROnto","0.5901639344262295"
"RFCOnto","2.772727272727273"
"RROnto","0.4098360655737705"
"TMOnto","0.047619047619047616"
"TMOnto2","2.0"
"WMCOnto","4.5"
"WMCOnto2","1.5"
