"metric","mixtral"
"ANOnto","0.0"
"AROnto","1.1304347826086956"
"CBOOnto","0.9565217391304348"
"CBOnto2","0.9565217391304348"
"CROnto","0.34782608695652173"
"DITOnto","3.0"
"INROnto","0.9565217391304348"
"LCOMOnto","1.85"
"NACOnto","1.0"
"NOCOnto","7.333333333333333"
"NOMOnto","3.391304347826087"
"POnto","0.782608695652174"
"PROnto","0.78"
"RFCOnto","4.3478260869565215"
"RROnto","0.22"
"TMOnto","0.0"
"TMOnto2","0.0"
"WMCOnto","1.85"
"WMCOnto2","1.0"
