"metric","base-llm"
"ANOnto","0.0"
"AROnto","1.1818181818181819"
"CBOOnto","0.9545454545454546"
"CBOnto2","0.9545454545454546"
"CROnto","0.0"
"DITOnto","3.0"
"INROnto","0.9545454545454546"
"LCOMOnto","1.894736842105263"
"NACOnto","1.0"
"NOCOnto","7.0"
"NOMOnto","3.5454545454545454"
"POnto","0.8181818181818182"
"PROnto","0.7878787878787878"
"RFCOnto","4.5"
"RROnto","0.21212121212121213"
"TMOnto","0.0"
"TMOnto2","0.0"
"WMCOnto","1.894736842105263"
"WMCOnto2","1.0"
