"metric","base-llm"
"ANOnto","0.0"
"AROnto","2.1333333333333333"
"CBOOnto","1.0"
"CBOnto2","1.0"
"CROnto","0.06666666666666667"
"DITOnto","3.0"
"INROnto","1.0"
"LCOMOnto","1.5833333333333333"
"NACOnto","1.0909090909090908"
"NOCOnto","3.75"
"NOMOnto","4.8"
"POnto","0.4666666666666667"
"PROnto","0.8275862068965517"
"RFCOnto","5.8"
"RROnto","0.1724137931034483"
"TMOnto","0.07142857142857142"
"TMOnto2","2.0"
"WMCOnto","1.7272727272727273"
"WMCOnto2","1.0909090909090908"
