"metric","FT"
"ANOnto","0.9230769230769231"
"AROnto","1.3846153846153846"
"CBOOnto","0.9230769230769231"
"CBOnto2","0.9230769230769231"
"CROnto","0.0"
"DITOnto","3.0"
"INROnto","0.9230769230769231"
"LCOMOnto","1.3"
"NACOnto","1.0"
"NOCOnto","4.0"
"NOMOnto","4.153846153846154"
"POnto","0.23076923076923078"
"PROnto","0.8181818181818182"
"RFCOnto","5.076923076923077"
"RROnto","0.18181818181818182"
"TMOnto","0.0"
"TMOnto2","0.0"
"WMCOnto","1.3"
"WMCOnto2","1.0"
