"metric","base-llm"
"ANOnto","0.15384615384615385"
"AROnto","2.6153846153846154"
"CBOOnto","0.9230769230769231"
"CBOnto2","0.9230769230769231"
"CROnto","0.0"
"DITOnto","4.0"
"INROnto","0.9230769230769231"
"LCOMOnto","1.2"
"NACOnto","1.0"
"NOCOnto","4.0"
"NOMOnto","5.0"
"POnto","0.15384615384615385"
"PROnto","0.8441558441558441"
"RFCOnto","5.923076923076923"
"RROnto","0.15584415584415584"
"TMOnto","0.0"
"TMOnto2","0.0"
"WMCOnto","1.2"
"WMCOnto2","1.0"
