"metric","FT-llm"
"ANOnto","0.8571428571428571"
"AROnto","4.857142857142857"
"CBOOnto","0.8571428571428571"
"CBOnto2","0.8571428571428571"
"CROnto","0.0"
"DITOnto","2.0"
"INROnto","0.8571428571428571"
"LCOMOnto","1.0"
"NACOnto","1.0"
"NOCOnto","6.0"
"NOMOnto","14.571428571428571"
"POnto","0.0"
"PROnto","0.9444444444444444"
"RFCOnto","15.428571428571429"
"RROnto","0.05555555555555555"
"TMOnto","0.0"
"TMOnto2","0.0"
"WMCOnto","1.0"
"WMCOnto2","1.0"
