"metric","base-llm"
"ANOnto","0.9545454545454546"
"AROnto","1.0909090909090908"
"CBOOnto","0.9545454545454546"
"CBOnto2","0.9545454545454546"
"CROnto","0.0"
"DITOnto","3.0"
"INROnto","0.9545454545454546"
"LCOMOnto","1.05"
"NACOnto","1.0"
"NOCOnto","10.5"
"NOMOnto","3.272727272727273"
"POnto","0.045454545454545456"
"PROnto","0.7741935483870968"
"RFCOnto","4.2272727272727275"
"RROnto","0.22580645161290322"
"TMOnto","0.0"
"TMOnto2","0.0"
"WMCOnto","1.05"
"WMCOnto2","1.0"
