"metric","base-llm"
"ANOnto","0.0"
"AROnto","3.090909090909091"
"CBOOnto","1.1818181818181819"
"CBOnto2","1.1818181818181819"
"CROnto","0.0"
"DITOnto","5.0"
"INROnto","1.1818181818181819"
"LCOMOnto","2.2857142857142856"
"NACOnto","1.5"
"NOCOnto","1.8571428571428572"
"NOMOnto","2.5454545454545454"
"POnto","0.6363636363636364"
"PROnto","0.6829268292682927"
"RFCOnto","3.727272727272727"
"RROnto","0.3170731707317073"
"TMOnto","0.3"
"TMOnto2","2.0"
"WMCOnto","4.0"
"WMCOnto2","1.75"
