"metric","base-llm"
"ANOnto","0.0"
"AROnto","0.3333333333333333"
"CBOOnto","0.6666666666666666"
"CBOnto2","0.6666666666666666"
"CROnto","0.3333333333333333"
"DITOnto","2.0"
"INROnto","0.6666666666666666"
"LCOMOnto","1.0"
"NACOnto","1.0"
"NOCOnto","2.0"
"NOMOnto","3.6666666666666665"
"POnto","0.0"
"PROnto","0.8461538461538461"
"RFCOnto","4.333333333333333"
"RROnto","0.15384615384615385"
"TMOnto","0.0"
"TMOnto2","0.0"
"WMCOnto","1.0"
"WMCOnto2","1.0"
