"metric","base-llm"
"ANOnto","0.0"
"AROnto","2.9285714285714284"
"CBOOnto","0.9285714285714286"
"CBOnto2","0.9285714285714286"
"CROnto","0.21428571428571427"
"DITOnto","3.0"
"INROnto","0.9285714285714286"
"LCOMOnto","1.625"
"NACOnto","1.0"
"NOCOnto","2.1666666666666665"
"NOMOnto","5.142857142857143"
"POnto","0.35714285714285715"
"PROnto","0.8470588235294118"
"RFCOnto","6.071428571428571"
"RROnto","0.15294117647058825"
"TMOnto","0.0"
"TMOnto2","0.0"
"WMCOnto","1.625"
"WMCOnto2","1.0"
