"metric","base-llm"
"ANOnto","0.0"
"AROnto","0.5555555555555556"
"CBOOnto","0.9444444444444444"
"CBOnto2","0.9444444444444444"
"CROnto","0.0"
"DITOnto","3.0"
"INROnto","0.8888888888888888"
"LCOMOnto","1.9230769230769231"
"NACOnto","1.0"
"NOCOnto","4.0"
"NOMOnto","2.2222222222222223"
"POnto","0.0"
"PROnto","0.7142857142857143"
"RFCOnto","3.1666666666666665"
"RROnto","0.2857142857142857"
"TMOnto","0.0"
"TMOnto2","0.0"
"WMCOnto","1.7857142857142858"
"WMCOnto2","0.9285714285714286"
