"metric","base-llm"
"ANOnto","1.2"
"AROnto","0.6"
"CBOOnto","0.9333333333333333"
"CBOnto2","0.9333333333333333"
"CROnto","0.0"
"DITOnto","4.0"
"INROnto","0.9333333333333333"
"LCOMOnto","2.3333333333333335"
"NACOnto","1.0"
"NOCOnto","4.666666666666667"
"NOMOnto","3.0"
"POnto","0.6"
"PROnto","0.7627118644067796"
"RFCOnto","3.933333333333333"
"RROnto","0.23728813559322035"
"TMOnto","0.0"
"TMOnto2","0.0"
"WMCOnto","2.3333333333333335"
"WMCOnto2","1.0"
