"metric","FT-llm"
"ANOnto","0.9473684210526315"
"AROnto","0.9473684210526315"
"CBOOnto","0.9473684210526315"
"CBOnto2","0.9473684210526315"
"CROnto","0.0"
"DITOnto","2.0"
"INROnto","0.9473684210526315"
"LCOMOnto","1.0"
"NACOnto","1.0"
"NOCOnto","18.0"
"NOMOnto","3.5789473684210527"
"POnto","0.0"
"PROnto","0.7906976744186046"
"RFCOnto","4.526315789473684"
"RROnto","0.20930232558139536"
"TMOnto","0.0"
"TMOnto2","0.0"
"WMCOnto","1.0"
"WMCOnto2","1.0"
